{"options":{"check_for_updates":true,"user_modified":null,"comment":null,"compatopts_for_requires":true,"compat_wrappedjsobject":false,"compat_metadata":false,"compat_foreach":false,"compat_powerful_this":null,"sandbox":null,"noframes":null,"unwrap":null,"run_at":null,"tab_types":null,"override":{"use_includes":[],"orig_includes":["http://www.ingress.com/intel*","https://www.ingress.com/intel*"],"merge_includes":true,"use_matches":[],"orig_matches":["http://www.ingress.com/intel*","https://www.ingress.com/intel*"],"merge_matches":true,"use_excludes":[],"orig_excludes":[],"merge_excludes":true,"use_connects":[],"orig_connects":[],"merge_connects":true,"use_blockers":[],"orig_run_at":"document-idle","orig_noframes":null}},"settings":{"enabled":true,"position":44},"meta":{"name":"Advanced Tracker Player","uuid":"648424da-388f-4acf-8961-98763f91666e","modified":1715251151784,"file_url":"https://raw.githubusercontent.com/IITC-CE/Community-plugins/master/dist/BlancLapin/advanced_player_tracker.user.js"}}