{"options":{"check_for_updates":true,"user_modified":null,"comment":null,"compatopts_for_requires":true,"compat_wrappedjsobject":false,"compat_metadata":false,"compat_foreach":false,"compat_powerful_this":null,"sandbox":null,"noframes":null,"unwrap":null,"run_at":null,"tab_types":null,"override":{"use_includes":[],"orig_includes":["https://intel.ingress.com/*"],"merge_includes":true,"use_matches":[],"orig_matches":["https://intel.ingress.com/*"],"merge_matches":true,"use_excludes":[],"orig_excludes":[],"merge_excludes":true,"use_connects":[],"orig_connects":[],"merge_connects":true,"use_blockers":[],"orig_run_at":"document-idle","orig_noframes":null}},"settings":{"enabled":true,"position":40},"meta":{"name":"Fan Fields 2","uuid":"b49c80e6-baa4-461a-b6df-08e6ff21801b","modified":1715248357652,"file_url":"https://github.com/Heistergand/fanfields2/raw/master/iitc_plugin_fanfields2.user.js"}}