{"options":{"check_for_updates":true,"user_modified":null,"comment":null,"compatopts_for_requires":true,"compat_wrappedjsobject":false,"compat_metadata":false,"compat_foreach":false,"compat_powerful_this":null,"sandbox":null,"noframes":null,"unwrap":null,"run_at":null,"tab_types":null,"override":{"use_includes":[],"orig_includes":["https://www.ingress.com/intel*","http://www.ingress.com/intel*"],"merge_includes":true,"use_matches":[],"orig_matches":["https://www.ingress.com/intel*","http://www.ingress.com/intel*"],"merge_matches":true,"use_excludes":[],"orig_excludes":[],"merge_excludes":true,"use_connects":[],"orig_connects":[],"merge_connects":true,"use_blockers":[],"orig_run_at":"document-idle","orig_noframes":null}},"settings":{"enabled":false,"position":61},"meta":{"name":"IITC plugin: Comm 2 Speech","uuid":"9a7bc1bc-819d-4f63-88db-39a3eb514ee0","modified":1715254002430,"file_url":"https://github.com/mattsches/iitc-plugins/raw/master/comm2speech/iitc-plugin-comm2speech.user.js"}}