{"options":{"check_for_updates":true,"comment":null,"compat_foreach":false,"compat_metadata":false,"compat_powerful_this":null,"compat_prototypes":false,"compat_wrappedjsobject":false,"compatopts_for_requires":true,"noframes":null,"override":{"merge_connects":true,"merge_excludes":true,"merge_includes":true,"merge_matches":true,"orig_excludes":[],"orig_includes":["https://*.ingress.com/intel*","http://*.ingress.com/intel*","https://*.ingress.com/mission/*","http://*.ingress.com/mission/*"],"orig_matches":["https://*.ingress.com/intel*","http://*.ingress.com/intel*","https://*.ingress.com/mission/*","http://*.ingress.com/mission/*"],"orig_noframes":null,"orig_run_at":"document-idle","use_blockers":[],"use_connects":[],"use_excludes":[],"use_includes":[],"use_matches":[]},"run_at":null,"tab_types":null,"user_modified":null},"settings":{"enabled":true,"position":16},"meta":{"name":"IITC plugin: Minify Some Portals Details","uuid":"e9957823-9d46-40e8-8c68-5ee98b77e7cb","modified":1571125027959,"file_url":"http://www.giacintogarcea.com/ingress/iitc/minify-some-portal-details-by-zaso.user.js"}}