{"options":{"check_for_updates":true,"comment":null,"compat_foreach":false,"compat_metadata":false,"compat_powerful_this":null,"compat_prototypes":false,"compat_wrappedjsobject":false,"compatopts_for_requires":true,"noframes":null,"override":{"merge_connects":true,"merge_excludes":true,"merge_includes":true,"merge_matches":true,"orig_excludes":[],"orig_includes":["https://*.ingress.com/intel*","http://*.ingress.com/intel*","https://*.ingress.com/mission/*","http://*.ingress.com/mission/*"],"orig_matches":["https://*.ingress.com/intel*","http://*.ingress.com/intel*","https://*.ingress.com/mission/*","http://*.ingress.com/mission/*"],"orig_noframes":null,"orig_run_at":"document-idle","use_blockers":[],"use_connects":[],"use_excludes":[],"use_includes":[],"use_matches":[]},"run_at":null,"tab_types":null,"user_modified":null},"settings":{"enabled":true,"position":11},"meta":{"name":"IITC plugin: layer count","uuid":"fa88eecd-17f3-477c-b811-174fd2c9c0d8","modified":1569271968773,"file_url":"https://static.iitc.me/build/release/plugins/layer-count.user.js"}}