{"options":{"check_for_updates":true,"user_modified":null,"comment":null,"compatopts_for_requires":true,"compat_wrappedjsobject":false,"compat_metadata":false,"compat_foreach":false,"compat_powerful_this":null,"sandbox":null,"noframes":null,"unwrap":null,"run_at":null,"tab_types":null,"override":{"use_includes":[],"orig_includes":["https://*.ingress.com/intel*","http://*.ingress.com/intel*","https://*.ingress.com/mission/*","http://*.ingress.com/mission/*"],"merge_includes":true,"use_matches":[],"orig_matches":["https://*.ingress.com/intel*","http://*.ingress.com/intel*","https://*.ingress.com/mission/*","http://*.ingress.com/mission/*"],"merge_matches":true,"use_excludes":[],"orig_excludes":[],"merge_excludes":true,"use_connects":[],"orig_connects":[],"merge_connects":true,"use_blockers":[],"orig_run_at":"document-idle","orig_noframes":null}},"settings":{"enabled":true,"position":58},"meta":{"name":"IITC plugin: Side tools selector.","uuid":"249a34d1-a707-444a-8a09-061428c43c4a","modified":1715256037394,"file_url":"https://github.com/Eccenux/iitc-plugin-side-tool-selector/raw/master/side-tool-selector.user.js"}}