{"options":{"check_for_updates":true,"comment":null,"compat_foreach":false,"compat_metadata":false,"compat_powerful_this":null,"compat_prototypes":false,"compat_wrappedjsobject":false,"compatopts_for_requires":true,"noframes":null,"override":{"merge_connects":true,"merge_excludes":true,"merge_includes":true,"merge_matches":true,"orig_excludes":[],"orig_includes":["*://*.ingress.com/intel*","*://*.ingress.com/mission/","*://intel.ingress.com/*"],"orig_matches":["*://*.ingress.com/intel*","*://*.ingress.com/mission/*","*://intel.ingress.com/*"],"orig_noframes":null,"orig_run_at":"document-idle","use_blockers":[],"use_connects":[],"use_excludes":[],"use_includes":[],"use_matches":[]},"run_at":null,"tab_types":null,"user_modified":null},"settings":{"enabled":true,"position":26},"meta":{"name":"IITC plugin: Ingress Planner","uuid":"1963adb4-f778-4502-bbbf-76ad532d18bc","modified":1574664943912,"file_url":"https://www.ingressplanner.net/files/ingressplanner.user-meta.js"}}