{"options":{"check_for_updates":true,"user_modified":null,"comment":null,"compatopts_for_requires":true,"compat_wrappedjsobject":false,"compat_metadata":false,"compat_foreach":false,"compat_powerful_this":null,"sandbox":null,"noframes":null,"unwrap":null,"run_at":null,"tab_types":null,"override":{"use_includes":[],"orig_includes":["*://*.ingress.com/*"],"merge_includes":true,"use_matches":[],"orig_matches":["*://*.ingress.com/*"],"merge_matches":true,"use_excludes":[],"orig_excludes":[],"merge_excludes":true,"use_connects":[],"orig_connects":[],"merge_connects":true,"use_blockers":[],"orig_run_at":"document-idle","orig_noframes":null}},"settings":{"enabled":true,"position":57},"meta":{"name":"IITC Plugin: Easy Ingress Scanner Button","uuid":"2e1e1629-6066-4910-8cb4-29f0205f517e","modified":1715255949243,"file_url":"https://github.com/Ayaro1/IITC-Easy-Ingress-Scanner-Button/raw/main/EasyIngressScannerButton.user.js"}}