{"options":{"check_for_updates":true,"comment":null,"compat_foreach":false,"compat_metadata":false,"compat_powerful_this":null,"compat_prototypes":false,"compat_wrappedjsobject":false,"compatopts_for_requires":true,"noframes":null,"override":{"merge_connects":true,"merge_excludes":true,"merge_includes":true,"merge_matches":true,"orig_excludes":[],"orig_includes":["https://*.ingress.com/intel*","http://*.ingress.com/intel*","https://*.ingress.com/mission/*","http://*.ingress.com/mission/*"],"orig_matches":["https://*.ingress.com/intel*","http://*.ingress.com/intel*","https://*.ingress.com/mission/*","http://*.ingress.com/mission/*"],"orig_noframes":null,"orig_run_at":"document-idle","use_blockers":[],"use_connects":[],"use_excludes":[],"use_includes":[],"use_matches":[]},"run_at":null,"tab_types":null,"user_modified":null},"settings":{"enabled":false,"position":22},"meta":{"name":"IITC plugin: Hide Chat","uuid":"60eae83b-6996-4e4b-b3b8-0de1cd4c59b9","modified":1574563845517,"file_url":"https://gist.githubusercontent.com/5310/711b3d44483efc4b9dd8d59dc3046f99/raw/2cc6457e20366942292e86774be2fa8eafeefcff/iitc-plugin-hide-chat.js"}}