{"options":{"check_for_updates":true,"user_modified":null,"comment":null,"compatopts_for_requires":true,"compat_wrappedjsobject":false,"compat_metadata":false,"compat_foreach":false,"compat_powerful_this":null,"sandbox":null,"noframes":null,"unwrap":null,"run_at":null,"tab_types":null,"override":{"use_includes":[],"orig_includes":["https://ingress.com/intel*","http://ingress.com/intel*","https://*.ingress.com/intel*","http://*.ingress.com/intel*"],"merge_includes":true,"use_matches":[],"orig_matches":["https://*.ingress.com/intel*","http://*.ingress.com/intel*"],"merge_matches":true,"use_excludes":[],"orig_excludes":[],"merge_excludes":true,"use_connects":[],"orig_connects":[],"merge_connects":true,"use_blockers":[],"orig_run_at":"document-idle","orig_noframes":null}},"settings":{"enabled":true,"position":60},"meta":{"name":"IITC plugin: AllSeeingEye","uuid":"8cdfceb4-6bed-4b02-a7c2-93fd80679c16","modified":1715252829848,"file_url":"https://raw.githubusercontent.com/Jormund/AllSeeingEye/master/AllSeeingEye.user.js"}}