{"options":{"check_for_updates":true,"user_modified":null,"comment":null,"compatopts_for_requires":true,"compat_wrappedjsobject":false,"compat_metadata":false,"compat_foreach":false,"compat_powerful_this":null,"sandbox":null,"noframes":null,"unwrap":null,"run_at":null,"tab_types":null,"override":{"use_includes":[],"orig_includes":[],"merge_includes":true,"use_matches":[],"orig_matches":["https://intel.ingress.com/*","https://intel-x.ingress.com/*"],"merge_matches":true,"use_excludes":[],"orig_excludes":[],"merge_excludes":true,"use_connects":[],"orig_connects":[],"merge_connects":true,"use_blockers":[],"orig_run_at":"document-idle","orig_noframes":null}},"settings":{"enabled":true,"position":54},"meta":{"name":"IITC plugin: Blurtheme","uuid":"02e6a713-3770-4dcd-9b9f-d7151fd26203","modified":1715252890978,"file_url":"https://github.com/Falenone/Blurtheme/raw/main/IITC-plugin-Blurtheme.user.js"}}