{"options":{"check_for_updates":true,"user_modified":null,"comment":null,"compatopts_for_requires":true,"compat_wrappedjsobject":false,"compat_metadata":false,"compat_foreach":false,"compat_powerful_this":null,"sandbox":null,"noframes":null,"unwrap":null,"run_at":null,"tab_types":null,"override":{"use_includes":[],"orig_includes":[],"merge_includes":true,"use_matches":[],"orig_matches":["http://intel.ingress.com/*","https://intel.ingress.com/*"],"merge_matches":true,"use_excludes":[],"orig_excludes":[],"merge_excludes":true,"use_connects":[],"orig_connects":[],"merge_connects":true,"use_blockers":[],"orig_run_at":"document-idle","orig_noframes":null}},"settings":{"enabled":true,"position":55},"meta":{"name":"Ingress passcodes auto use","uuid":"b5e386d3-33d1-4d5f-8577-15e4faf99213","modified":1715253300625,"file_url":"https://raw.githubusercontent.com/yesnosurely/ingress-passcodes-auto-use/master/ingress-passcodes-auto-use.user.js"}}